{
  "num_samples": 2281,
  "mae": {
    "steer": 0.1590241938829422,
    "throttle": 0.21902184188365936,
    "brake": 0.12149424105882645
  },
  "rmse": {
    "steer": 0.2558501362800598,
    "throttle": 0.2455763816833496,
    "brake": 0.1442721039056778
  },
  "overall_mae": 0.16651347279548645,
  "steer_corr": 0.020522838016038995,
  "steer_direction_acc": 0.5485933503836317,
  "pred_steer_std": 0.1438041478395462,
  "target_steer_std": 0.20989109575748444
}